Chapter 1/page_0001.txt	/Users/kimmireu/Desktop/Storage/public-procurement-management/교재/3과목_공공계약관리/Chapter 1/page_0001.jpg
Chapter 1/page_0002.txt	/Users/kimmireu/Desktop/Storage/public-procurement-management/교재/3과목_공공계약관리/Chapter 1/page_0002.jpg
Chapter 1/page_0003.txt	/Users/kimmireu/Desktop/Storage/public-procurement-management/교재/3과목_공공계약관리/Chapter 1/page_0003.jpg
Chapter 1/page_0004.txt	/Users/kimmireu/Desktop/Storage/public-procurement-management/교재/3과목_공공계약관리/Chapter 1/page_0004.jpg
Chapter 1/page_0005.txt	/Users/kimmireu/Desktop/Storage/public-procurement-management/교재/3과목_공공계약관리/Chapter 1/page_0005.jpg
Chapter 1/page_0006.txt	/Users/kimmireu/Desktop/Storage/public-procurement-management/교재/3과목_공공계약관리/Chapter 1/page_0006.jpg
Chapter 1/page_0007.txt	/Users/kimmireu/Desktop/Storage/public-procurement-management/교재/3과목_공공계약관리/Chapter 1/page_0007.jpg
Chapter 1/page_0008.txt	/Users/kimmireu/Desktop/Storage/public-procurement-management/교재/3과목_공공계약관리/Chapter 1/page_0008.jpg
Chapter 1/page_0009.txt	/Users/kimmireu/Desktop/Storage/public-procurement-management/교재/3과목_공공계약관리/Chapter 1/page_0009.jpg
Chapter 1/page_0010.txt	/Users/kimmireu/Desktop/Storage/public-procurement-management/교재/3과목_공공계약관리/Chapter 1/page_0010.jpg
Chapter 1/page_0011.txt	/Users/kimmireu/Desktop/Storage/public-procurement-management/교재/3과목_공공계약관리/Chapter 1/page_0011.jpg
Chapter 1/page_0012.txt	/Users/kimmireu/Desktop/Storage/public-procurement-management/교재/3과목_공공계약관리/Chapter 1/page_0012.jpg
Chapter 1/page_0013.txt	/Users/kimmireu/Desktop/Storage/public-procurement-management/교재/3과목_공공계약관리/Chapter 1/page_0013.jpg
Chapter 1/page_0014.txt	/Users/kimmireu/Desktop/Storage/public-procurement-management/교재/3과목_공공계약관리/Chapter 1/page_0014.jpg
Chapter 1/page_0015.txt	/Users/kimmireu/Desktop/Storage/public-procurement-management/교재/3과목_공공계약관리/Chapter 1/page_0015.jpg
Chapter 1/page_0016.txt	/Users/kimmireu/Desktop/Storage/public-procurement-management/교재/3과목_공공계약관리/Chapter 1/page_0016.jpg
Chapter 1/page_0017.txt	/Users/kimmireu/Desktop/Storage/public-procurement-management/교재/3과목_공공계약관리/Chapter 1/page_0017.jpg
Chapter 1/page_0018.txt	/Users/kimmireu/Desktop/Storage/public-procurement-management/교재/3과목_공공계약관리/Chapter 1/page_0018.jpg
Chapter 1/page_0019.txt	/Users/kimmireu/Desktop/Storage/public-procurement-management/교재/3과목_공공계약관리/Chapter 1/page_0019.jpg
Chapter 1/page_0020.txt	/Users/kimmireu/Desktop/Storage/public-procurement-management/교재/3과목_공공계약관리/Chapter 1/page_0020.jpg
Chapter 1/page_0021.txt	/Users/kimmireu/Desktop/Storage/public-procurement-management/교재/3과목_공공계약관리/Chapter 1/page_0021.jpg
Chapter 1/page_0022.txt	/Users/kimmireu/Desktop/Storage/public-procurement-management/교재/3과목_공공계약관리/Chapter 1/page_0022.jpg
Chapter 1/page_0023.txt	/Users/kimmireu/Desktop/Storage/public-procurement-management/교재/3과목_공공계약관리/Chapter 1/page_0023.jpg
Chapter 1/page_0024.txt	/Users/kimmireu/Desktop/Storage/public-procurement-management/교재/3과목_공공계약관리/Chapter 1/page_0024.jpg
Chapter 1/page_0025.txt	/Users/kimmireu/Desktop/Storage/public-procurement-management/교재/3과목_공공계약관리/Chapter 1/page_0025.jpg
Chapter 1/page_0026.txt	/Users/kimmireu/Desktop/Storage/public-procurement-management/교재/3과목_공공계약관리/Chapter 1/page_0026.jpg
Chapter 1/page_0027.txt	/Users/kimmireu/Desktop/Storage/public-procurement-management/교재/3과목_공공계약관리/Chapter 1/page_0027.jpg
Chapter 1/page_0028.txt	/Users/kimmireu/Desktop/Storage/public-procurement-management/교재/3과목_공공계약관리/Chapter 1/page_0028.jpg
Chapter 1/page_0029.txt	/Users/kimmireu/Desktop/Storage/public-procurement-management/교재/3과목_공공계약관리/Chapter 1/page_0029.jpg
Chapter 1/page_0030.txt	/Users/kimmireu/Desktop/Storage/public-procurement-management/교재/3과목_공공계약관리/Chapter 1/page_0030.jpg
Chapter 1/page_0031.txt	/Users/kimmireu/Desktop/Storage/public-procurement-management/교재/3과목_공공계약관리/Chapter 1/page_0031.jpg
Chapter 1/page_0032.txt	/Users/kimmireu/Desktop/Storage/public-procurement-management/교재/3과목_공공계약관리/Chapter 1/page_0032.jpg
Chapter 1/page_0033.txt	/Users/kimmireu/Desktop/Storage/public-procurement-management/교재/3과목_공공계약관리/Chapter 1/page_0033.jpg
Chapter 1/page_0034.txt	/Users/kimmireu/Desktop/Storage/public-procurement-management/교재/3과목_공공계약관리/Chapter 1/page_0034.jpg
Chapter 1/page_0035.txt	/Users/kimmireu/Desktop/Storage/public-procurement-management/교재/3과목_공공계약관리/Chapter 1/page_0035.jpg
Chapter 1/page_0036.txt	/Users/kimmireu/Desktop/Storage/public-procurement-management/교재/3과목_공공계약관리/Chapter 1/page_0036.jpg
Chapter 1/page_0037.txt	/Users/kimmireu/Desktop/Storage/public-procurement-management/교재/3과목_공공계약관리/Chapter 1/page_0037.jpg
Chapter 1/page_0038.txt	/Users/kimmireu/Desktop/Storage/public-procurement-management/교재/3과목_공공계약관리/Chapter 1/page_0038.jpg
Chapter 1/page_0039.txt	/Users/kimmireu/Desktop/Storage/public-procurement-management/교재/3과목_공공계약관리/Chapter 1/page_0039.jpg
Chapter 1/page_0040.txt	/Users/kimmireu/Desktop/Storage/public-procurement-management/교재/3과목_공공계약관리/Chapter 1/page_0040.jpg
Chapter 1/page_0041.txt	/Users/kimmireu/Desktop/Storage/public-procurement-management/교재/3과목_공공계약관리/Chapter 1/page_0041.jpg
Chapter 1/page_0042.txt	/Users/kimmireu/Desktop/Storage/public-procurement-management/교재/3과목_공공계약관리/Chapter 1/page_0042.jpg
Chapter 1/page_0043.txt	/Users/kimmireu/Desktop/Storage/public-procurement-management/교재/3과목_공공계약관리/Chapter 1/page_0043.jpg
Chapter 1/page_0044.txt	/Users/kimmireu/Desktop/Storage/public-procurement-management/교재/3과목_공공계약관리/Chapter 1/page_0044.jpg
Chapter 1/page_0045.txt	/Users/kimmireu/Desktop/Storage/public-procurement-management/교재/3과목_공공계약관리/Chapter 1/page_0045.jpg
Chapter 1/page_0046.txt	/Users/kimmireu/Desktop/Storage/public-procurement-management/교재/3과목_공공계약관리/Chapter 1/page_0046.jpg
Chapter 1/page_0047.txt	/Users/kimmireu/Desktop/Storage/public-procurement-management/교재/3과목_공공계약관리/Chapter 1/page_0047.jpg
Chapter 1/page_0048.txt	/Users/kimmireu/Desktop/Storage/public-procurement-management/교재/3과목_공공계약관리/Chapter 1/page_0048.jpg
Chapter 1/page_0049.txt	/Users/kimmireu/Desktop/Storage/public-procurement-management/교재/3과목_공공계약관리/Chapter 1/page_0049.jpg
Chapter 1/page_0050.txt	/Users/kimmireu/Desktop/Storage/public-procurement-management/교재/3과목_공공계약관리/Chapter 1/page_0050.jpg
Chapter 1/page_0051.txt	/Users/kimmireu/Desktop/Storage/public-procurement-management/교재/3과목_공공계약관리/Chapter 1/page_0051.jpg
Chapter 1/page_0052.txt	/Users/kimmireu/Desktop/Storage/public-procurement-management/교재/3과목_공공계약관리/Chapter 1/page_0052.jpg
Chapter 1/page_0053.txt	/Users/kimmireu/Desktop/Storage/public-procurement-management/교재/3과목_공공계약관리/Chapter 1/page_0053.jpg
Chapter 1/page_0054.txt	/Users/kimmireu/Desktop/Storage/public-procurement-management/교재/3과목_공공계약관리/Chapter 1/page_0054.jpg
Chapter 1/page_0055.txt	/Users/kimmireu/Desktop/Storage/public-procurement-management/교재/3과목_공공계약관리/Chapter 1/page_0055.jpg
Chapter 1/page_0056.txt	/Users/kimmireu/Desktop/Storage/public-procurement-management/교재/3과목_공공계약관리/Chapter 1/page_0056.jpg
Chapter 1/page_0057.txt	/Users/kimmireu/Desktop/Storage/public-procurement-management/교재/3과목_공공계약관리/Chapter 1/page_0057.jpg
Chapter 1/page_0058.txt	/Users/kimmireu/Desktop/Storage/public-procurement-management/교재/3과목_공공계약관리/Chapter 1/page_0058.jpg
Chapter 1/page_0059.txt	/Users/kimmireu/Desktop/Storage/public-procurement-management/교재/3과목_공공계약관리/Chapter 1/page_0059.jpg
Chapter 1/page_0060.txt	/Users/kimmireu/Desktop/Storage/public-procurement-management/교재/3과목_공공계약관리/Chapter 1/page_0060.jpg
Chapter 1/page_0061.txt	/Users/kimmireu/Desktop/Storage/public-procurement-management/교재/3과목_공공계약관리/Chapter 1/page_0061.jpg
Chapter 1/page_0062.txt	/Users/kimmireu/Desktop/Storage/public-procurement-management/교재/3과목_공공계약관리/Chapter 1/page_0062.jpg
Chapter 1/page_0063.txt	/Users/kimmireu/Desktop/Storage/public-procurement-management/교재/3과목_공공계약관리/Chapter 1/page_0063.jpg
Chapter 1/page_0064.txt	/Users/kimmireu/Desktop/Storage/public-procurement-management/교재/3과목_공공계약관리/Chapter 1/page_0064.jpg
Chapter 1/page_0065.txt	/Users/kimmireu/Desktop/Storage/public-procurement-management/교재/3과목_공공계약관리/Chapter 1/page_0065.jpg
Chapter 1/page_0066.txt	/Users/kimmireu/Desktop/Storage/public-procurement-management/교재/3과목_공공계약관리/Chapter 1/page_0066.jpg
Chapter 1/page_0067.txt	/Users/kimmireu/Desktop/Storage/public-procurement-management/교재/3과목_공공계약관리/Chapter 1/page_0067.jpg
Chapter 1/page_0068.txt	/Users/kimmireu/Desktop/Storage/public-procurement-management/교재/3과목_공공계약관리/Chapter 1/page_0068.jpg
Chapter 1/page_0069.txt	/Users/kimmireu/Desktop/Storage/public-procurement-management/교재/3과목_공공계약관리/Chapter 1/page_0069.jpg
Chapter 1/page_0070.txt	/Users/kimmireu/Desktop/Storage/public-procurement-management/교재/3과목_공공계약관리/Chapter 1/page_0070.jpg
Chapter 1/page_0071.txt	/Users/kimmireu/Desktop/Storage/public-procurement-management/교재/3과목_공공계약관리/Chapter 1/page_0071.jpg
Chapter 1/page_0072.txt	/Users/kimmireu/Desktop/Storage/public-procurement-management/교재/3과목_공공계약관리/Chapter 1/page_0072.jpg
Chapter 1/page_0073.txt	/Users/kimmireu/Desktop/Storage/public-procurement-management/교재/3과목_공공계약관리/Chapter 1/page_0073.jpg
Chapter 1/page_0074.txt	/Users/kimmireu/Desktop/Storage/public-procurement-management/교재/3과목_공공계약관리/Chapter 1/page_0074.jpg
Chapter 1/page_0075.txt	/Users/kimmireu/Desktop/Storage/public-procurement-management/교재/3과목_공공계약관리/Chapter 1/page_0075.jpg
Chapter 1/page_0076.txt	/Users/kimmireu/Desktop/Storage/public-procurement-management/교재/3과목_공공계약관리/Chapter 1/page_0076.jpg
Chapter 1/page_0077.txt	/Users/kimmireu/Desktop/Storage/public-procurement-management/교재/3과목_공공계약관리/Chapter 1/page_0077.jpg
Chapter 1/page_0078.txt	/Users/kimmireu/Desktop/Storage/public-procurement-management/교재/3과목_공공계약관리/Chapter 1/page_0078.jpg
Chapter 1/page_0079.txt	/Users/kimmireu/Desktop/Storage/public-procurement-management/교재/3과목_공공계약관리/Chapter 1/page_0079.jpg
Chapter 1/page_0080.txt	/Users/kimmireu/Desktop/Storage/public-procurement-management/교재/3과목_공공계약관리/Chapter 1/page_0080.jpg
Chapter 2/page_0001.txt	/Users/kimmireu/Desktop/Storage/public-procurement-management/교재/3과목_공공계약관리/Chapter 2/page_0001.jpg
Chapter 2/page_0002.txt	/Users/kimmireu/Desktop/Storage/public-procurement-management/교재/3과목_공공계약관리/Chapter 2/page_0002.jpg
Chapter 2/page_0003.txt	/Users/kimmireu/Desktop/Storage/public-procurement-management/교재/3과목_공공계약관리/Chapter 2/page_0003.jpg
Chapter 2/page_0004.txt	/Users/kimmireu/Desktop/Storage/public-procurement-management/교재/3과목_공공계약관리/Chapter 2/page_0004.jpg
Chapter 2/page_0005.txt	/Users/kimmireu/Desktop/Storage/public-procurement-management/교재/3과목_공공계약관리/Chapter 2/page_0005.jpg
Chapter 2/page_0006.txt	/Users/kimmireu/Desktop/Storage/public-procurement-management/교재/3과목_공공계약관리/Chapter 2/page_0006.jpg
Chapter 2/page_0007.txt	/Users/kimmireu/Desktop/Storage/public-procurement-management/교재/3과목_공공계약관리/Chapter 2/page_0007.jpg
Chapter 2/page_0008.txt	/Users/kimmireu/Desktop/Storage/public-procurement-management/교재/3과목_공공계약관리/Chapter 2/page_0008.jpg
Chapter 2/page_0009.txt	/Users/kimmireu/Desktop/Storage/public-procurement-management/교재/3과목_공공계약관리/Chapter 2/page_0009.jpg
Chapter 2/page_0010.txt	/Users/kimmireu/Desktop/Storage/public-procurement-management/교재/3과목_공공계약관리/Chapter 2/page_0010.jpg
Chapter 2/page_0011.txt	/Users/kimmireu/Desktop/Storage/public-procurement-management/교재/3과목_공공계약관리/Chapter 2/page_0011.jpg
Chapter 2/page_0012.txt	/Users/kimmireu/Desktop/Storage/public-procurement-management/교재/3과목_공공계약관리/Chapter 2/page_0012.jpg
Chapter 2/page_0013.txt	/Users/kimmireu/Desktop/Storage/public-procurement-management/교재/3과목_공공계약관리/Chapter 2/page_0013.jpg
Chapter 2/page_0014.txt	/Users/kimmireu/Desktop/Storage/public-procurement-management/교재/3과목_공공계약관리/Chapter 2/page_0014.jpg
Chapter 2/page_0015.txt	/Users/kimmireu/Desktop/Storage/public-procurement-management/교재/3과목_공공계약관리/Chapter 2/page_0015.jpg
Chapter 2/page_0016.txt	/Users/kimmireu/Desktop/Storage/public-procurement-management/교재/3과목_공공계약관리/Chapter 2/page_0016.jpg
Chapter 2/page_0017.txt	/Users/kimmireu/Desktop/Storage/public-procurement-management/교재/3과목_공공계약관리/Chapter 2/page_0017.jpg
Chapter 2/page_0018.txt	/Users/kimmireu/Desktop/Storage/public-procurement-management/교재/3과목_공공계약관리/Chapter 2/page_0018.jpg
Chapter 2/page_0019.txt	/Users/kimmireu/Desktop/Storage/public-procurement-management/교재/3과목_공공계약관리/Chapter 2/page_0019.jpg
Chapter 2/page_0020.txt	/Users/kimmireu/Desktop/Storage/public-procurement-management/교재/3과목_공공계약관리/Chapter 2/page_0020.jpg
Chapter 2/page_0021.txt	/Users/kimmireu/Desktop/Storage/public-procurement-management/교재/3과목_공공계약관리/Chapter 2/page_0021.jpg
Chapter 2/page_0022.txt	/Users/kimmireu/Desktop/Storage/public-procurement-management/교재/3과목_공공계약관리/Chapter 2/page_0022.jpg
Chapter 2/page_0023.txt	/Users/kimmireu/Desktop/Storage/public-procurement-management/교재/3과목_공공계약관리/Chapter 2/page_0023.jpg
Chapter 2/page_0024.txt	/Users/kimmireu/Desktop/Storage/public-procurement-management/교재/3과목_공공계약관리/Chapter 2/page_0024.jpg
Chapter 2/page_0025.txt	/Users/kimmireu/Desktop/Storage/public-procurement-management/교재/3과목_공공계약관리/Chapter 2/page_0025.jpg
Chapter 2/page_0026.txt	/Users/kimmireu/Desktop/Storage/public-procurement-management/교재/3과목_공공계약관리/Chapter 2/page_0026.jpg
Chapter 2/page_0027.txt	/Users/kimmireu/Desktop/Storage/public-procurement-management/교재/3과목_공공계약관리/Chapter 2/page_0027.jpg
Chapter 2/page_0028.txt	/Users/kimmireu/Desktop/Storage/public-procurement-management/교재/3과목_공공계약관리/Chapter 2/page_0028.jpg
Chapter 2/page_0029.txt	/Users/kimmireu/Desktop/Storage/public-procurement-management/교재/3과목_공공계약관리/Chapter 2/page_0029.jpg
Chapter 2/page_0030.txt	/Users/kimmireu/Desktop/Storage/public-procurement-management/교재/3과목_공공계약관리/Chapter 2/page_0030.jpg
Chapter 2/page_0031.txt	/Users/kimmireu/Desktop/Storage/public-procurement-management/교재/3과목_공공계약관리/Chapter 2/page_0031.jpg
Chapter 2/page_0032.txt	/Users/kimmireu/Desktop/Storage/public-procurement-management/교재/3과목_공공계약관리/Chapter 2/page_0032.jpg
Chapter 2/page_0033.txt	/Users/kimmireu/Desktop/Storage/public-procurement-management/교재/3과목_공공계약관리/Chapter 2/page_0033.jpg
Chapter 2/page_0034.txt	/Users/kimmireu/Desktop/Storage/public-procurement-management/교재/3과목_공공계약관리/Chapter 2/page_0034.jpg
Chapter 2/page_0035.txt	/Users/kimmireu/Desktop/Storage/public-procurement-management/교재/3과목_공공계약관리/Chapter 2/page_0035.jpg
Chapter 2/page_0036.txt	/Users/kimmireu/Desktop/Storage/public-procurement-management/교재/3과목_공공계약관리/Chapter 2/page_0036.jpg
Chapter 2/page_0037.txt	/Users/kimmireu/Desktop/Storage/public-procurement-management/교재/3과목_공공계약관리/Chapter 2/page_0037.jpg
Chapter 2/page_0038.txt	/Users/kimmireu/Desktop/Storage/public-procurement-management/교재/3과목_공공계약관리/Chapter 2/page_0038.jpg
Chapter 2/page_0039.txt	/Users/kimmireu/Desktop/Storage/public-procurement-management/교재/3과목_공공계약관리/Chapter 2/page_0039.jpg
Chapter 2/page_0040.txt	/Users/kimmireu/Desktop/Storage/public-procurement-management/교재/3과목_공공계약관리/Chapter 2/page_0040.jpg
Chapter 2/page_0041.txt	/Users/kimmireu/Desktop/Storage/public-procurement-management/교재/3과목_공공계약관리/Chapter 2/page_0041.jpg
Chapter 2/page_0042.txt	/Users/kimmireu/Desktop/Storage/public-procurement-management/교재/3과목_공공계약관리/Chapter 2/page_0042.jpg
Chapter 2/page_0043.txt	/Users/kimmireu/Desktop/Storage/public-procurement-management/교재/3과목_공공계약관리/Chapter 2/page_0043.jpg
Chapter 2/page_0044.txt	/Users/kimmireu/Desktop/Storage/public-procurement-management/교재/3과목_공공계약관리/Chapter 2/page_0044.jpg
Chapter 2/page_0045.txt	/Users/kimmireu/Desktop/Storage/public-procurement-management/교재/3과목_공공계약관리/Chapter 2/page_0045.jpg
Chapter 2/page_0046.txt	/Users/kimmireu/Desktop/Storage/public-procurement-management/교재/3과목_공공계약관리/Chapter 2/page_0046.jpg
Chapter 2/page_0047.txt	/Users/kimmireu/Desktop/Storage/public-procurement-management/교재/3과목_공공계약관리/Chapter 2/page_0047.jpg
Chapter 2/page_0048.txt	/Users/kimmireu/Desktop/Storage/public-procurement-management/교재/3과목_공공계약관리/Chapter 2/page_0048.jpg
Chapter 2/page_0049.txt	/Users/kimmireu/Desktop/Storage/public-procurement-management/교재/3과목_공공계약관리/Chapter 2/page_0049.jpg
Chapter 2/page_0050.txt	/Users/kimmireu/Desktop/Storage/public-procurement-management/교재/3과목_공공계약관리/Chapter 2/page_0050.jpg
Chapter 2/page_0051.txt	/Users/kimmireu/Desktop/Storage/public-procurement-management/교재/3과목_공공계약관리/Chapter 2/page_0051.jpg
Chapter 2/page_0052.txt	/Users/kimmireu/Desktop/Storage/public-procurement-management/교재/3과목_공공계약관리/Chapter 2/page_0052.jpg
Chapter 2/page_0053.txt	/Users/kimmireu/Desktop/Storage/public-procurement-management/교재/3과목_공공계약관리/Chapter 2/page_0053.jpg
Chapter 2/page_0054.txt	/Users/kimmireu/Desktop/Storage/public-procurement-management/교재/3과목_공공계약관리/Chapter 2/page_0054.jpg
Chapter 2/page_0055.txt	/Users/kimmireu/Desktop/Storage/public-procurement-management/교재/3과목_공공계약관리/Chapter 2/page_0055.jpg
Chapter 2/page_0056.txt	/Users/kimmireu/Desktop/Storage/public-procurement-management/교재/3과목_공공계약관리/Chapter 2/page_0056.jpg
Chapter 2/page_0057.txt	/Users/kimmireu/Desktop/Storage/public-procurement-management/교재/3과목_공공계약관리/Chapter 2/page_0057.jpg
Chapter 2/page_0058.txt	/Users/kimmireu/Desktop/Storage/public-procurement-management/교재/3과목_공공계약관리/Chapter 2/page_0058.jpg
Chapter 2/page_0059.txt	/Users/kimmireu/Desktop/Storage/public-procurement-management/교재/3과목_공공계약관리/Chapter 2/page_0059.jpg
Chapter 2/page_0060.txt	/Users/kimmireu/Desktop/Storage/public-procurement-management/교재/3과목_공공계약관리/Chapter 2/page_0060.jpg
Chapter 2/page_0061.txt	/Users/kimmireu/Desktop/Storage/public-procurement-management/교재/3과목_공공계약관리/Chapter 2/page_0061.jpg
Chapter 2/page_0062.txt	/Users/kimmireu/Desktop/Storage/public-procurement-management/교재/3과목_공공계약관리/Chapter 2/page_0062.jpg
Chapter 2/page_0063.txt	/Users/kimmireu/Desktop/Storage/public-procurement-management/교재/3과목_공공계약관리/Chapter 2/page_0063.jpg
Chapter 2/page_0064.txt	/Users/kimmireu/Desktop/Storage/public-procurement-management/교재/3과목_공공계약관리/Chapter 2/page_0064.jpg
Chapter 2/page_0065.txt	/Users/kimmireu/Desktop/Storage/public-procurement-management/교재/3과목_공공계약관리/Chapter 2/page_0065.jpg
Chapter 2/page_0066.txt	/Users/kimmireu/Desktop/Storage/public-procurement-management/교재/3과목_공공계약관리/Chapter 2/page_0066.jpg
Chapter 2/page_0067.txt	/Users/kimmireu/Desktop/Storage/public-procurement-management/교재/3과목_공공계약관리/Chapter 2/page_0067.jpg
Chapter 2/page_0068.txt	/Users/kimmireu/Desktop/Storage/public-procurement-management/교재/3과목_공공계약관리/Chapter 2/page_0068.jpg
Chapter 2/page_0069.txt	/Users/kimmireu/Desktop/Storage/public-procurement-management/교재/3과목_공공계약관리/Chapter 2/page_0069.jpg
Chapter 2/page_0070.txt	/Users/kimmireu/Desktop/Storage/public-procurement-management/교재/3과목_공공계약관리/Chapter 2/page_0070.jpg
Chapter 2/page_0071.txt	/Users/kimmireu/Desktop/Storage/public-procurement-management/교재/3과목_공공계약관리/Chapter 2/page_0071.jpg
Chapter 2/page_0072.txt	/Users/kimmireu/Desktop/Storage/public-procurement-management/교재/3과목_공공계약관리/Chapter 2/page_0072.jpg
Chapter 2/page_0073.txt	/Users/kimmireu/Desktop/Storage/public-procurement-management/교재/3과목_공공계약관리/Chapter 2/page_0073.jpg
Chapter 2/page_0074.txt	/Users/kimmireu/Desktop/Storage/public-procurement-management/교재/3과목_공공계약관리/Chapter 2/page_0074.jpg
Chapter 2/page_0075.txt	/Users/kimmireu/Desktop/Storage/public-procurement-management/교재/3과목_공공계약관리/Chapter 2/page_0075.jpg
Chapter 2/page_0076.txt	/Users/kimmireu/Desktop/Storage/public-procurement-management/교재/3과목_공공계약관리/Chapter 2/page_0076.jpg
Chapter 2/page_0077.txt	/Users/kimmireu/Desktop/Storage/public-procurement-management/교재/3과목_공공계약관리/Chapter 2/page_0077.jpg
Chapter 2/page_0078.txt	/Users/kimmireu/Desktop/Storage/public-procurement-management/교재/3과목_공공계약관리/Chapter 2/page_0078.jpg
Chapter 2/page_0079.txt	/Users/kimmireu/Desktop/Storage/public-procurement-management/교재/3과목_공공계약관리/Chapter 2/page_0079.jpg
Chapter 2/page_0080.txt	/Users/kimmireu/Desktop/Storage/public-procurement-management/교재/3과목_공공계약관리/Chapter 2/page_0080.jpg
Chapter 2/page_0081.txt	/Users/kimmireu/Desktop/Storage/public-procurement-management/교재/3과목_공공계약관리/Chapter 2/page_0081.jpg
Chapter 3/page_0001.txt	/Users/kimmireu/Desktop/Storage/public-procurement-management/교재/3과목_공공계약관리/Chapter 3/page_0001.jpg
Chapter 3/page_0002.txt	/Users/kimmireu/Desktop/Storage/public-procurement-management/교재/3과목_공공계약관리/Chapter 3/page_0002.jpg
Chapter 3/page_0003.txt	/Users/kimmireu/Desktop/Storage/public-procurement-management/교재/3과목_공공계약관리/Chapter 3/page_0003.jpg
Chapter 3/page_0004.txt	/Users/kimmireu/Desktop/Storage/public-procurement-management/교재/3과목_공공계약관리/Chapter 3/page_0004.jpg
Chapter 3/page_0005.txt	/Users/kimmireu/Desktop/Storage/public-procurement-management/교재/3과목_공공계약관리/Chapter 3/page_0005.jpg
Chapter 3/page_0006.txt	/Users/kimmireu/Desktop/Storage/public-procurement-management/교재/3과목_공공계약관리/Chapter 3/page_0006.jpg
Chapter 3/page_0007.txt	/Users/kimmireu/Desktop/Storage/public-procurement-management/교재/3과목_공공계약관리/Chapter 3/page_0007.jpg
Chapter 3/page_0008.txt	/Users/kimmireu/Desktop/Storage/public-procurement-management/교재/3과목_공공계약관리/Chapter 3/page_0008.jpg
Chapter 3/page_0009.txt	/Users/kimmireu/Desktop/Storage/public-procurement-management/교재/3과목_공공계약관리/Chapter 3/page_0009.jpg
Chapter 3/page_0010.txt	/Users/kimmireu/Desktop/Storage/public-procurement-management/교재/3과목_공공계약관리/Chapter 3/page_0010.jpg
Chapter 3/page_0011.txt	/Users/kimmireu/Desktop/Storage/public-procurement-management/교재/3과목_공공계약관리/Chapter 3/page_0011.jpg
Chapter 3/page_0012.txt	/Users/kimmireu/Desktop/Storage/public-procurement-management/교재/3과목_공공계약관리/Chapter 3/page_0012.jpg
Chapter 3/page_0013.txt	/Users/kimmireu/Desktop/Storage/public-procurement-management/교재/3과목_공공계약관리/Chapter 3/page_0013.jpg
Chapter 3/page_0014.txt	/Users/kimmireu/Desktop/Storage/public-procurement-management/교재/3과목_공공계약관리/Chapter 3/page_0014.jpg
Chapter 3/page_0015.txt	/Users/kimmireu/Desktop/Storage/public-procurement-management/교재/3과목_공공계약관리/Chapter 3/page_0015.jpg
Chapter 3/page_0016.txt	/Users/kimmireu/Desktop/Storage/public-procurement-management/교재/3과목_공공계약관리/Chapter 3/page_0016.jpg
Chapter 3/page_0017.txt	/Users/kimmireu/Desktop/Storage/public-procurement-management/교재/3과목_공공계약관리/Chapter 3/page_0017.jpg
Chapter 3/page_0018.txt	/Users/kimmireu/Desktop/Storage/public-procurement-management/교재/3과목_공공계약관리/Chapter 3/page_0018.jpg
Chapter 3/page_0019.txt	/Users/kimmireu/Desktop/Storage/public-procurement-management/교재/3과목_공공계약관리/Chapter 3/page_0019.jpg
Chapter 3/page_0020.txt	/Users/kimmireu/Desktop/Storage/public-procurement-management/교재/3과목_공공계약관리/Chapter 3/page_0020.jpg
Chapter 3/page_0021.txt	/Users/kimmireu/Desktop/Storage/public-procurement-management/교재/3과목_공공계약관리/Chapter 3/page_0021.jpg
Chapter 3/page_0022.txt	/Users/kimmireu/Desktop/Storage/public-procurement-management/교재/3과목_공공계약관리/Chapter 3/page_0022.jpg
Chapter 3/page_0023.txt	/Users/kimmireu/Desktop/Storage/public-procurement-management/교재/3과목_공공계약관리/Chapter 3/page_0023.jpg
Chapter 3/page_0024.txt	/Users/kimmireu/Desktop/Storage/public-procurement-management/교재/3과목_공공계약관리/Chapter 3/page_0024.jpg
Chapter 3/page_0025.txt	/Users/kimmireu/Desktop/Storage/public-procurement-management/교재/3과목_공공계약관리/Chapter 3/page_0025.jpg
Chapter 3/page_0026.txt	/Users/kimmireu/Desktop/Storage/public-procurement-management/교재/3과목_공공계약관리/Chapter 3/page_0026.jpg
Chapter 3/page_0027.txt	/Users/kimmireu/Desktop/Storage/public-procurement-management/교재/3과목_공공계약관리/Chapter 3/page_0027.jpg
Chapter 3/page_0028.txt	/Users/kimmireu/Desktop/Storage/public-procurement-management/교재/3과목_공공계약관리/Chapter 3/page_0028.jpg
Chapter 3/page_0029.txt	/Users/kimmireu/Desktop/Storage/public-procurement-management/교재/3과목_공공계약관리/Chapter 3/page_0029.jpg
Chapter 3/page_0030.txt	/Users/kimmireu/Desktop/Storage/public-procurement-management/교재/3과목_공공계약관리/Chapter 3/page_0030.jpg
Chapter 3/page_0031.txt	/Users/kimmireu/Desktop/Storage/public-procurement-management/교재/3과목_공공계약관리/Chapter 3/page_0031.jpg
Chapter 3/page_0032.txt	/Users/kimmireu/Desktop/Storage/public-procurement-management/교재/3과목_공공계약관리/Chapter 3/page_0032.jpg
Chapter 3/page_0033.txt	/Users/kimmireu/Desktop/Storage/public-procurement-management/교재/3과목_공공계약관리/Chapter 3/page_0033.jpg
Chapter 3/page_0034.txt	/Users/kimmireu/Desktop/Storage/public-procurement-management/교재/3과목_공공계약관리/Chapter 3/page_0034.jpg
Chapter 3/page_0035.txt	/Users/kimmireu/Desktop/Storage/public-procurement-management/교재/3과목_공공계약관리/Chapter 3/page_0035.jpg
Chapter 3/page_0036.txt	/Users/kimmireu/Desktop/Storage/public-procurement-management/교재/3과목_공공계약관리/Chapter 3/page_0036.jpg
Chapter 3/page_0037.txt	/Users/kimmireu/Desktop/Storage/public-procurement-management/교재/3과목_공공계약관리/Chapter 3/page_0037.jpg
Chapter 3/page_0038.txt	/Users/kimmireu/Desktop/Storage/public-procurement-management/교재/3과목_공공계약관리/Chapter 3/page_0038.jpg
Chapter 3/page_0039.txt	/Users/kimmireu/Desktop/Storage/public-procurement-management/교재/3과목_공공계약관리/Chapter 3/page_0039.jpg
Chapter 3/page_0040.txt	/Users/kimmireu/Desktop/Storage/public-procurement-management/교재/3과목_공공계약관리/Chapter 3/page_0040.jpg
Chapter 3/page_0041.txt	/Users/kimmireu/Desktop/Storage/public-procurement-management/교재/3과목_공공계약관리/Chapter 3/page_0041.jpg
Chapter 3/page_0042.txt	/Users/kimmireu/Desktop/Storage/public-procurement-management/교재/3과목_공공계약관리/Chapter 3/page_0042.jpg
Chapter 3/page_0043.txt	/Users/kimmireu/Desktop/Storage/public-procurement-management/교재/3과목_공공계약관리/Chapter 3/page_0043.jpg
Chapter 3/page_0044.txt	/Users/kimmireu/Desktop/Storage/public-procurement-management/교재/3과목_공공계약관리/Chapter 3/page_0044.jpg
Chapter 3/page_0045.txt	/Users/kimmireu/Desktop/Storage/public-procurement-management/교재/3과목_공공계약관리/Chapter 3/page_0045.jpg
Chapter 3/page_0046.txt	/Users/kimmireu/Desktop/Storage/public-procurement-management/교재/3과목_공공계약관리/Chapter 3/page_0046.jpg
Chapter 3/page_0047.txt	/Users/kimmireu/Desktop/Storage/public-procurement-management/교재/3과목_공공계약관리/Chapter 3/page_0047.jpg
Chapter 3/page_0048.txt	/Users/kimmireu/Desktop/Storage/public-procurement-management/교재/3과목_공공계약관리/Chapter 3/page_0048.jpg
Chapter 3/page_0049.txt	/Users/kimmireu/Desktop/Storage/public-procurement-management/교재/3과목_공공계약관리/Chapter 3/page_0049.jpg
Chapter 3/page_0050.txt	/Users/kimmireu/Desktop/Storage/public-procurement-management/교재/3과목_공공계약관리/Chapter 3/page_0050.jpg
Chapter 3/page_0051.txt	/Users/kimmireu/Desktop/Storage/public-procurement-management/교재/3과목_공공계약관리/Chapter 3/page_0051.jpg
Chapter 3/page_0052.txt	/Users/kimmireu/Desktop/Storage/public-procurement-management/교재/3과목_공공계약관리/Chapter 3/page_0052.jpg
Chapter 3/page_0053.txt	/Users/kimmireu/Desktop/Storage/public-procurement-management/교재/3과목_공공계약관리/Chapter 3/page_0053.jpg
Chapter 3/page_0054.txt	/Users/kimmireu/Desktop/Storage/public-procurement-management/교재/3과목_공공계약관리/Chapter 3/page_0054.jpg
Chapter 3/page_0055.txt	/Users/kimmireu/Desktop/Storage/public-procurement-management/교재/3과목_공공계약관리/Chapter 3/page_0055.jpg
Chapter 3/page_0056.txt	/Users/kimmireu/Desktop/Storage/public-procurement-management/교재/3과목_공공계약관리/Chapter 3/page_0056.jpg
Chapter 3/page_0057.txt	/Users/kimmireu/Desktop/Storage/public-procurement-management/교재/3과목_공공계약관리/Chapter 3/page_0057.jpg
Chapter 3/page_0058.txt	/Users/kimmireu/Desktop/Storage/public-procurement-management/교재/3과목_공공계약관리/Chapter 3/page_0058.jpg
Chapter 3/page_0059.txt	/Users/kimmireu/Desktop/Storage/public-procurement-management/교재/3과목_공공계약관리/Chapter 3/page_0059.jpg
Chapter 3/page_0060.txt	/Users/kimmireu/Desktop/Storage/public-procurement-management/교재/3과목_공공계약관리/Chapter 3/page_0060.jpg
Chapter 3/page_0061.txt	/Users/kimmireu/Desktop/Storage/public-procurement-management/교재/3과목_공공계약관리/Chapter 3/page_0061.jpg
Chapter 3/page_0062.txt	/Users/kimmireu/Desktop/Storage/public-procurement-management/교재/3과목_공공계약관리/Chapter 3/page_0062.jpg
Chapter 3/page_0063.txt	/Users/kimmireu/Desktop/Storage/public-procurement-management/교재/3과목_공공계약관리/Chapter 3/page_0063.jpg
Chapter 3/page_0064.txt	/Users/kimmireu/Desktop/Storage/public-procurement-management/교재/3과목_공공계약관리/Chapter 3/page_0064.jpg
Chapter 3/page_0065.txt	/Users/kimmireu/Desktop/Storage/public-procurement-management/교재/3과목_공공계약관리/Chapter 3/page_0065.jpg
Chapter 3/page_0066.txt	/Users/kimmireu/Desktop/Storage/public-procurement-management/교재/3과목_공공계약관리/Chapter 3/page_0066.jpg
Chapter 3/page_0067.txt	/Users/kimmireu/Desktop/Storage/public-procurement-management/교재/3과목_공공계약관리/Chapter 3/page_0067.jpg
Chapter 3/page_0068.txt	/Users/kimmireu/Desktop/Storage/public-procurement-management/교재/3과목_공공계약관리/Chapter 3/page_0068.jpg
Chapter 3/page_0069.txt	/Users/kimmireu/Desktop/Storage/public-procurement-management/교재/3과목_공공계약관리/Chapter 3/page_0069.jpg
Chapter 3/page_0070.txt	/Users/kimmireu/Desktop/Storage/public-procurement-management/교재/3과목_공공계약관리/Chapter 3/page_0070.jpg
Chapter 3/page_0071.txt	/Users/kimmireu/Desktop/Storage/public-procurement-management/교재/3과목_공공계약관리/Chapter 3/page_0071.jpg
Chapter 3/page_0072.txt	/Users/kimmireu/Desktop/Storage/public-procurement-management/교재/3과목_공공계약관리/Chapter 3/page_0072.jpg
Chapter 3/page_0073.txt	/Users/kimmireu/Desktop/Storage/public-procurement-management/교재/3과목_공공계약관리/Chapter 3/page_0073.jpg
Chapter 3/page_0074.txt	/Users/kimmireu/Desktop/Storage/public-procurement-management/교재/3과목_공공계약관리/Chapter 3/page_0074.jpg
Chapter 3/page_0075.txt	/Users/kimmireu/Desktop/Storage/public-procurement-management/교재/3과목_공공계약관리/Chapter 3/page_0075.jpg
Chapter 3/page_0076.txt	/Users/kimmireu/Desktop/Storage/public-procurement-management/교재/3과목_공공계약관리/Chapter 3/page_0076.jpg
Chapter 3/page_0077.txt	/Users/kimmireu/Desktop/Storage/public-procurement-management/교재/3과목_공공계약관리/Chapter 3/page_0077.jpg
Chapter 3/page_0078.txt	/Users/kimmireu/Desktop/Storage/public-procurement-management/교재/3과목_공공계약관리/Chapter 3/page_0078.jpg
Chapter 3/page_0079.txt	/Users/kimmireu/Desktop/Storage/public-procurement-management/교재/3과목_공공계약관리/Chapter 3/page_0079.jpg
Chapter 3/page_0080.txt	/Users/kimmireu/Desktop/Storage/public-procurement-management/교재/3과목_공공계약관리/Chapter 3/page_0080.jpg
Chapter 3/page_0081.txt	/Users/kimmireu/Desktop/Storage/public-procurement-management/교재/3과목_공공계약관리/Chapter 3/page_0081.jpg
Chapter 4/page_0001.txt	/Users/kimmireu/Desktop/Storage/public-procurement-management/교재/3과목_공공계약관리/Chapter 4/page_0001.jpg
Chapter 4/page_0002.txt	/Users/kimmireu/Desktop/Storage/public-procurement-management/교재/3과목_공공계약관리/Chapter 4/page_0002.jpg
Chapter 4/page_0003.txt	/Users/kimmireu/Desktop/Storage/public-procurement-management/교재/3과목_공공계약관리/Chapter 4/page_0003.jpg
Chapter 4/page_0004.txt	/Users/kimmireu/Desktop/Storage/public-procurement-management/교재/3과목_공공계약관리/Chapter 4/page_0004.jpg
Chapter 4/page_0005.txt	/Users/kimmireu/Desktop/Storage/public-procurement-management/교재/3과목_공공계약관리/Chapter 4/page_0005.jpg
Chapter 4/page_0006.txt	/Users/kimmireu/Desktop/Storage/public-procurement-management/교재/3과목_공공계약관리/Chapter 4/page_0006.jpg
Chapter 4/page_0007.txt	/Users/kimmireu/Desktop/Storage/public-procurement-management/교재/3과목_공공계약관리/Chapter 4/page_0007.jpg
Chapter 4/page_0008.txt	/Users/kimmireu/Desktop/Storage/public-procurement-management/교재/3과목_공공계약관리/Chapter 4/page_0008.jpg
Chapter 4/page_0009.txt	/Users/kimmireu/Desktop/Storage/public-procurement-management/교재/3과목_공공계약관리/Chapter 4/page_0009.jpg
Chapter 4/page_0010.txt	/Users/kimmireu/Desktop/Storage/public-procurement-management/교재/3과목_공공계약관리/Chapter 4/page_0010.jpg
Chapter 4/page_0011.txt	/Users/kimmireu/Desktop/Storage/public-procurement-management/교재/3과목_공공계약관리/Chapter 4/page_0011.jpg
Chapter 4/page_0012.txt	/Users/kimmireu/Desktop/Storage/public-procurement-management/교재/3과목_공공계약관리/Chapter 4/page_0012.jpg
Chapter 4/page_0013.txt	/Users/kimmireu/Desktop/Storage/public-procurement-management/교재/3과목_공공계약관리/Chapter 4/page_0013.jpg
Chapter 4/page_0014.txt	/Users/kimmireu/Desktop/Storage/public-procurement-management/교재/3과목_공공계약관리/Chapter 4/page_0014.jpg
Chapter 4/page_0015.txt	/Users/kimmireu/Desktop/Storage/public-procurement-management/교재/3과목_공공계약관리/Chapter 4/page_0015.jpg
Chapter 4/page_0016.txt	/Users/kimmireu/Desktop/Storage/public-procurement-management/교재/3과목_공공계약관리/Chapter 4/page_0016.jpg
Chapter 4/page_0017.txt	/Users/kimmireu/Desktop/Storage/public-procurement-management/교재/3과목_공공계약관리/Chapter 4/page_0017.jpg
Chapter 4/page_0018.txt	/Users/kimmireu/Desktop/Storage/public-procurement-management/교재/3과목_공공계약관리/Chapter 4/page_0018.jpg
Chapter 4/page_0019.txt	/Users/kimmireu/Desktop/Storage/public-procurement-management/교재/3과목_공공계약관리/Chapter 4/page_0019.jpg
Chapter 4/page_0020.txt	/Users/kimmireu/Desktop/Storage/public-procurement-management/교재/3과목_공공계약관리/Chapter 4/page_0020.jpg
Chapter 4/page_0021.txt	/Users/kimmireu/Desktop/Storage/public-procurement-management/교재/3과목_공공계약관리/Chapter 4/page_0021.jpg
Chapter 4/page_0022.txt	/Users/kimmireu/Desktop/Storage/public-procurement-management/교재/3과목_공공계약관리/Chapter 4/page_0022.jpg
Chapter 4/page_0023.txt	/Users/kimmireu/Desktop/Storage/public-procurement-management/교재/3과목_공공계약관리/Chapter 4/page_0023.jpg
Chapter 4/page_0024.txt	/Users/kimmireu/Desktop/Storage/public-procurement-management/교재/3과목_공공계약관리/Chapter 4/page_0024.jpg
Chapter 4/page_0025.txt	/Users/kimmireu/Desktop/Storage/public-procurement-management/교재/3과목_공공계약관리/Chapter 4/page_0025.jpg
Chapter 4/page_0026.txt	/Users/kimmireu/Desktop/Storage/public-procurement-management/교재/3과목_공공계약관리/Chapter 4/page_0026.jpg
Chapter 4/page_0027.txt	/Users/kimmireu/Desktop/Storage/public-procurement-management/교재/3과목_공공계약관리/Chapter 4/page_0027.jpg
Chapter 4/page_0028.txt	/Users/kimmireu/Desktop/Storage/public-procurement-management/교재/3과목_공공계약관리/Chapter 4/page_0028.jpg
Chapter 4/page_0029.txt	/Users/kimmireu/Desktop/Storage/public-procurement-management/교재/3과목_공공계약관리/Chapter 4/page_0029.jpg
Chapter 4/page_0030.txt	/Users/kimmireu/Desktop/Storage/public-procurement-management/교재/3과목_공공계약관리/Chapter 4/page_0030.jpg
Chapter 4/page_0031.txt	/Users/kimmireu/Desktop/Storage/public-procurement-management/교재/3과목_공공계약관리/Chapter 4/page_0031.jpg
Chapter 4/page_0032.txt	/Users/kimmireu/Desktop/Storage/public-procurement-management/교재/3과목_공공계약관리/Chapter 4/page_0032.jpg
Chapter 4/page_0033.txt	/Users/kimmireu/Desktop/Storage/public-procurement-management/교재/3과목_공공계약관리/Chapter 4/page_0033.jpg
Chapter 4/page_0034.txt	/Users/kimmireu/Desktop/Storage/public-procurement-management/교재/3과목_공공계약관리/Chapter 4/page_0034.jpg
Chapter 4/page_0035.txt	/Users/kimmireu/Desktop/Storage/public-procurement-management/교재/3과목_공공계약관리/Chapter 4/page_0035.jpg
Chapter 4/page_0036.txt	/Users/kimmireu/Desktop/Storage/public-procurement-management/교재/3과목_공공계약관리/Chapter 4/page_0036.jpg
Chapter 4/page_0037.txt	/Users/kimmireu/Desktop/Storage/public-procurement-management/교재/3과목_공공계약관리/Chapter 4/page_0037.jpg
Chapter 4/page_0038.txt	/Users/kimmireu/Desktop/Storage/public-procurement-management/교재/3과목_공공계약관리/Chapter 4/page_0038.jpg
Chapter 4/page_0039.txt	/Users/kimmireu/Desktop/Storage/public-procurement-management/교재/3과목_공공계약관리/Chapter 4/page_0039.jpg
Chapter 4/page_0040.txt	/Users/kimmireu/Desktop/Storage/public-procurement-management/교재/3과목_공공계약관리/Chapter 4/page_0040.jpg
Chapter 4/page_0041.txt	/Users/kimmireu/Desktop/Storage/public-procurement-management/교재/3과목_공공계약관리/Chapter 4/page_0041.jpg
Chapter 4/page_0042.txt	/Users/kimmireu/Desktop/Storage/public-procurement-management/교재/3과목_공공계약관리/Chapter 4/page_0042.jpg
Chapter 4/page_0043.txt	/Users/kimmireu/Desktop/Storage/public-procurement-management/교재/3과목_공공계약관리/Chapter 4/page_0043.jpg
Chapter 4/page_0044.txt	/Users/kimmireu/Desktop/Storage/public-procurement-management/교재/3과목_공공계약관리/Chapter 4/page_0044.jpg
Chapter 4/page_0045.txt	/Users/kimmireu/Desktop/Storage/public-procurement-management/교재/3과목_공공계약관리/Chapter 4/page_0045.jpg
Chapter 4/page_0046.txt	/Users/kimmireu/Desktop/Storage/public-procurement-management/교재/3과목_공공계약관리/Chapter 4/page_0046.jpg
Chapter 4/page_0047.txt	/Users/kimmireu/Desktop/Storage/public-procurement-management/교재/3과목_공공계약관리/Chapter 4/page_0047.jpg
Chapter 4/page_0048.txt	/Users/kimmireu/Desktop/Storage/public-procurement-management/교재/3과목_공공계약관리/Chapter 4/page_0048.jpg
Chapter 4/page_0049.txt	/Users/kimmireu/Desktop/Storage/public-procurement-management/교재/3과목_공공계약관리/Chapter 4/page_0049.jpg
Chapter 4/page_0050.txt	/Users/kimmireu/Desktop/Storage/public-procurement-management/교재/3과목_공공계약관리/Chapter 4/page_0050.jpg
Chapter 4/page_0051.txt	/Users/kimmireu/Desktop/Storage/public-procurement-management/교재/3과목_공공계약관리/Chapter 4/page_0051.jpg
Chapter 4/page_0052.txt	/Users/kimmireu/Desktop/Storage/public-procurement-management/교재/3과목_공공계약관리/Chapter 4/page_0052.jpg
Chapter 4/page_0053.txt	/Users/kimmireu/Desktop/Storage/public-procurement-management/교재/3과목_공공계약관리/Chapter 4/page_0053.jpg
Chapter 4/page_0054.txt	/Users/kimmireu/Desktop/Storage/public-procurement-management/교재/3과목_공공계약관리/Chapter 4/page_0054.jpg
Chapter 4/page_0055.txt	/Users/kimmireu/Desktop/Storage/public-procurement-management/교재/3과목_공공계약관리/Chapter 4/page_0055.jpg
Chapter 4/page_0056.txt	/Users/kimmireu/Desktop/Storage/public-procurement-management/교재/3과목_공공계약관리/Chapter 4/page_0056.jpg
Chapter 4/page_0057.txt	/Users/kimmireu/Desktop/Storage/public-procurement-management/교재/3과목_공공계약관리/Chapter 4/page_0057.jpg
Chapter 4/page_0058.txt	/Users/kimmireu/Desktop/Storage/public-procurement-management/교재/3과목_공공계약관리/Chapter 4/page_0058.jpg
Chapter 4/page_0059.txt	/Users/kimmireu/Desktop/Storage/public-procurement-management/교재/3과목_공공계약관리/Chapter 4/page_0059.jpg
Chapter 4/page_0060.txt	/Users/kimmireu/Desktop/Storage/public-procurement-management/교재/3과목_공공계약관리/Chapter 4/page_0060.jpg
Chapter 4/page_0061.txt	/Users/kimmireu/Desktop/Storage/public-procurement-management/교재/3과목_공공계약관리/Chapter 4/page_0061.jpg
Chapter 4/page_0062.txt	/Users/kimmireu/Desktop/Storage/public-procurement-management/교재/3과목_공공계약관리/Chapter 4/page_0062.jpg
Chapter 4/page_0063.txt	/Users/kimmireu/Desktop/Storage/public-procurement-management/교재/3과목_공공계약관리/Chapter 4/page_0063.jpg
Chapter 4/page_0064.txt	/Users/kimmireu/Desktop/Storage/public-procurement-management/교재/3과목_공공계약관리/Chapter 4/page_0064.jpg
Chapter 4/page_0065.txt	/Users/kimmireu/Desktop/Storage/public-procurement-management/교재/3과목_공공계약관리/Chapter 4/page_0065.jpg
Chapter 4/page_0066.txt	/Users/kimmireu/Desktop/Storage/public-procurement-management/교재/3과목_공공계약관리/Chapter 4/page_0066.jpg
Chapter 4/page_0067.txt	/Users/kimmireu/Desktop/Storage/public-procurement-management/교재/3과목_공공계약관리/Chapter 4/page_0067.jpg
Chapter 4/page_0068.txt	/Users/kimmireu/Desktop/Storage/public-procurement-management/교재/3과목_공공계약관리/Chapter 4/page_0068.jpg
Chapter 4/page_0069.txt	/Users/kimmireu/Desktop/Storage/public-procurement-management/교재/3과목_공공계약관리/Chapter 4/page_0069.jpg
Chapter 4/page_0070.txt	/Users/kimmireu/Desktop/Storage/public-procurement-management/교재/3과목_공공계약관리/Chapter 4/page_0070.jpg
Chapter 4/page_0071.txt	/Users/kimmireu/Desktop/Storage/public-procurement-management/교재/3과목_공공계약관리/Chapter 4/page_0071.jpg
Chapter 4/page_0072.txt	/Users/kimmireu/Desktop/Storage/public-procurement-management/교재/3과목_공공계약관리/Chapter 4/page_0072.jpg
Chapter 4/page_0073.txt	/Users/kimmireu/Desktop/Storage/public-procurement-management/교재/3과목_공공계약관리/Chapter 4/page_0073.jpg
Chapter 4/page_0074.txt	/Users/kimmireu/Desktop/Storage/public-procurement-management/교재/3과목_공공계약관리/Chapter 4/page_0074.jpg
Chapter 4/page_0075.txt	/Users/kimmireu/Desktop/Storage/public-procurement-management/교재/3과목_공공계약관리/Chapter 4/page_0075.jpg
Chapter 4/page_0076.txt	/Users/kimmireu/Desktop/Storage/public-procurement-management/교재/3과목_공공계약관리/Chapter 4/page_0076.jpg
Chapter 4/page_0077.txt	/Users/kimmireu/Desktop/Storage/public-procurement-management/교재/3과목_공공계약관리/Chapter 4/page_0077.jpg
Chapter 4/page_0078.txt	/Users/kimmireu/Desktop/Storage/public-procurement-management/교재/3과목_공공계약관리/Chapter 4/page_0078.jpg
Chapter 4/page_0079.txt	/Users/kimmireu/Desktop/Storage/public-procurement-management/교재/3과목_공공계약관리/Chapter 4/page_0079.jpg
Chapter 4/page_0080.txt	/Users/kimmireu/Desktop/Storage/public-procurement-management/교재/3과목_공공계약관리/Chapter 4/page_0080.jpg
Chapter 4/page_0081.txt	/Users/kimmireu/Desktop/Storage/public-procurement-management/교재/3과목_공공계약관리/Chapter 4/page_0081.jpg
Chapter 4/page_0082.txt	/Users/kimmireu/Desktop/Storage/public-procurement-management/교재/3과목_공공계약관리/Chapter 4/page_0082.jpg
Chapter 4/page_0083.txt	/Users/kimmireu/Desktop/Storage/public-procurement-management/교재/3과목_공공계약관리/Chapter 4/page_0083.jpg
Chapter 4/page_0084.txt	/Users/kimmireu/Desktop/Storage/public-procurement-management/교재/3과목_공공계약관리/Chapter 4/page_0084.jpg
Chapter 4/page_0085.txt	/Users/kimmireu/Desktop/Storage/public-procurement-management/교재/3과목_공공계약관리/Chapter 4/page_0085.jpg
Chapter 4/page_0086.txt	/Users/kimmireu/Desktop/Storage/public-procurement-management/교재/3과목_공공계약관리/Chapter 4/page_0086.jpg
Chapter 4/page_0087.txt	/Users/kimmireu/Desktop/Storage/public-procurement-management/교재/3과목_공공계약관리/Chapter 4/page_0087.jpg
Chapter 4/page_0088.txt	/Users/kimmireu/Desktop/Storage/public-procurement-management/교재/3과목_공공계약관리/Chapter 4/page_0088.jpg
Chapter 4/page_0089.txt	/Users/kimmireu/Desktop/Storage/public-procurement-management/교재/3과목_공공계약관리/Chapter 4/page_0089.jpg
Chapter 4/page_0090.txt	/Users/kimmireu/Desktop/Storage/public-procurement-management/교재/3과목_공공계약관리/Chapter 4/page_0090.jpg
Chapter 4/page_0091.txt	/Users/kimmireu/Desktop/Storage/public-procurement-management/교재/3과목_공공계약관리/Chapter 4/page_0091.jpg
Chapter 4/page_0092.txt	/Users/kimmireu/Desktop/Storage/public-procurement-management/교재/3과목_공공계약관리/Chapter 4/page_0092.jpg
Chapter 4/page_0093.txt	/Users/kimmireu/Desktop/Storage/public-procurement-management/교재/3과목_공공계약관리/Chapter 4/page_0093.jpg
Chapter 4/page_0094.txt	/Users/kimmireu/Desktop/Storage/public-procurement-management/교재/3과목_공공계약관리/Chapter 4/page_0094.jpg
Chapter 4/page_0095.txt	/Users/kimmireu/Desktop/Storage/public-procurement-management/교재/3과목_공공계약관리/Chapter 4/page_0095.jpg
Chapter 4/page_0096.txt	/Users/kimmireu/Desktop/Storage/public-procurement-management/교재/3과목_공공계약관리/Chapter 4/page_0096.jpg
Chapter 4/page_0097.txt	/Users/kimmireu/Desktop/Storage/public-procurement-management/교재/3과목_공공계약관리/Chapter 4/page_0097.jpg
Chapter 4/page_0098.txt	/Users/kimmireu/Desktop/Storage/public-procurement-management/교재/3과목_공공계약관리/Chapter 4/page_0098.jpg
Chapter 4/page_0099.txt	/Users/kimmireu/Desktop/Storage/public-procurement-management/교재/3과목_공공계약관리/Chapter 4/page_0099.jpg
Chapter 4/page_0100.txt	/Users/kimmireu/Desktop/Storage/public-procurement-management/교재/3과목_공공계약관리/Chapter 4/page_0100.jpg
Chapter 4/page_0101.txt	/Users/kimmireu/Desktop/Storage/public-procurement-management/교재/3과목_공공계약관리/Chapter 4/page_0101.jpg
Chapter 4/page_0102.txt	/Users/kimmireu/Desktop/Storage/public-procurement-management/교재/3과목_공공계약관리/Chapter 4/page_0102.jpg
Chapter 4/page_0103.txt	/Users/kimmireu/Desktop/Storage/public-procurement-management/교재/3과목_공공계약관리/Chapter 4/page_0103.jpg
Chapter 4/page_0104.txt	/Users/kimmireu/Desktop/Storage/public-procurement-management/교재/3과목_공공계약관리/Chapter 4/page_0104.jpg
Chapter 4/page_0105.txt	/Users/kimmireu/Desktop/Storage/public-procurement-management/교재/3과목_공공계약관리/Chapter 4/page_0105.jpg