Chapter 1/page_0001.txt	/Users/kimmireu/Desktop/Storage/public-procurement-management/교재/2과목_공공조달 계획분석/Chapter 1/page_0001.jpg
Chapter 1/page_0002.txt	/Users/kimmireu/Desktop/Storage/public-procurement-management/교재/2과목_공공조달 계획분석/Chapter 1/page_0002.jpg
Chapter 1/page_0003.txt	/Users/kimmireu/Desktop/Storage/public-procurement-management/교재/2과목_공공조달 계획분석/Chapter 1/page_0003.jpg
Chapter 1/page_0004.txt	/Users/kimmireu/Desktop/Storage/public-procurement-management/교재/2과목_공공조달 계획분석/Chapter 1/page_0004.jpg
Chapter 1/page_0005.txt	/Users/kimmireu/Desktop/Storage/public-procurement-management/교재/2과목_공공조달 계획분석/Chapter 1/page_0005.jpg
Chapter 1/page_0006.txt	/Users/kimmireu/Desktop/Storage/public-procurement-management/교재/2과목_공공조달 계획분석/Chapter 1/page_0006.jpg
Chapter 1/page_0007.txt	/Users/kimmireu/Desktop/Storage/public-procurement-management/교재/2과목_공공조달 계획분석/Chapter 1/page_0007.jpg
Chapter 1/page_0008.txt	/Users/kimmireu/Desktop/Storage/public-procurement-management/교재/2과목_공공조달 계획분석/Chapter 1/page_0008.jpg
Chapter 1/page_0009.txt	/Users/kimmireu/Desktop/Storage/public-procurement-management/교재/2과목_공공조달 계획분석/Chapter 1/page_0009.jpg
Chapter 1/page_0010.txt	/Users/kimmireu/Desktop/Storage/public-procurement-management/교재/2과목_공공조달 계획분석/Chapter 1/page_0010.jpg
Chapter 1/page_0011.txt	/Users/kimmireu/Desktop/Storage/public-procurement-management/교재/2과목_공공조달 계획분석/Chapter 1/page_0011.jpg
Chapter 1/page_0012.txt	/Users/kimmireu/Desktop/Storage/public-procurement-management/교재/2과목_공공조달 계획분석/Chapter 1/page_0012.jpg
Chapter 1/page_0013.txt	/Users/kimmireu/Desktop/Storage/public-procurement-management/교재/2과목_공공조달 계획분석/Chapter 1/page_0013.jpg
Chapter 1/page_0014.txt	/Users/kimmireu/Desktop/Storage/public-procurement-management/교재/2과목_공공조달 계획분석/Chapter 1/page_0014.jpg
Chapter 1/page_0015.txt	/Users/kimmireu/Desktop/Storage/public-procurement-management/교재/2과목_공공조달 계획분석/Chapter 1/page_0015.jpg
Chapter 1/page_0016.txt	/Users/kimmireu/Desktop/Storage/public-procurement-management/교재/2과목_공공조달 계획분석/Chapter 1/page_0016.jpg
Chapter 1/page_0017.txt	/Users/kimmireu/Desktop/Storage/public-procurement-management/교재/2과목_공공조달 계획분석/Chapter 1/page_0017.jpg
Chapter 1/page_0018.txt	/Users/kimmireu/Desktop/Storage/public-procurement-management/교재/2과목_공공조달 계획분석/Chapter 1/page_0018.jpg
Chapter 1/page_0019.txt	/Users/kimmireu/Desktop/Storage/public-procurement-management/교재/2과목_공공조달 계획분석/Chapter 1/page_0019.jpg
Chapter 1/page_0020.txt	/Users/kimmireu/Desktop/Storage/public-procurement-management/교재/2과목_공공조달 계획분석/Chapter 1/page_0020.jpg
Chapter 1/page_0021.txt	/Users/kimmireu/Desktop/Storage/public-procurement-management/교재/2과목_공공조달 계획분석/Chapter 1/page_0021.jpg
Chapter 1/page_0022.txt	/Users/kimmireu/Desktop/Storage/public-procurement-management/교재/2과목_공공조달 계획분석/Chapter 1/page_0022.jpg
Chapter 1/page_0023.txt	/Users/kimmireu/Desktop/Storage/public-procurement-management/교재/2과목_공공조달 계획분석/Chapter 1/page_0023.jpg
Chapter 1/page_0024.txt	/Users/kimmireu/Desktop/Storage/public-procurement-management/교재/2과목_공공조달 계획분석/Chapter 1/page_0024.jpg
Chapter 1/page_0025.txt	/Users/kimmireu/Desktop/Storage/public-procurement-management/교재/2과목_공공조달 계획분석/Chapter 1/page_0025.jpg
Chapter 1/page_0026.txt	/Users/kimmireu/Desktop/Storage/public-procurement-management/교재/2과목_공공조달 계획분석/Chapter 1/page_0026.jpg
Chapter 1/page_0027.txt	/Users/kimmireu/Desktop/Storage/public-procurement-management/교재/2과목_공공조달 계획분석/Chapter 1/page_0027.jpg
Chapter 1/page_0028.txt	/Users/kimmireu/Desktop/Storage/public-procurement-management/교재/2과목_공공조달 계획분석/Chapter 1/page_0028.jpg
Chapter 1/page_0029.txt	/Users/kimmireu/Desktop/Storage/public-procurement-management/교재/2과목_공공조달 계획분석/Chapter 1/page_0029.jpg
Chapter 1/page_0030.txt	/Users/kimmireu/Desktop/Storage/public-procurement-management/교재/2과목_공공조달 계획분석/Chapter 1/page_0030.jpg
Chapter 1/page_0031.txt	/Users/kimmireu/Desktop/Storage/public-procurement-management/교재/2과목_공공조달 계획분석/Chapter 1/page_0031.jpg
Chapter 1/page_0032.txt	/Users/kimmireu/Desktop/Storage/public-procurement-management/교재/2과목_공공조달 계획분석/Chapter 1/page_0032.jpg
Chapter 1/page_0033.txt	/Users/kimmireu/Desktop/Storage/public-procurement-management/교재/2과목_공공조달 계획분석/Chapter 1/page_0033.jpg
Chapter 1/page_0034.txt	/Users/kimmireu/Desktop/Storage/public-procurement-management/교재/2과목_공공조달 계획분석/Chapter 1/page_0034.jpg
Chapter 1/page_0035.txt	/Users/kimmireu/Desktop/Storage/public-procurement-management/교재/2과목_공공조달 계획분석/Chapter 1/page_0035.jpg
Chapter 1/page_0036.txt	/Users/kimmireu/Desktop/Storage/public-procurement-management/교재/2과목_공공조달 계획분석/Chapter 1/page_0036.jpg
Chapter 1/page_0037.txt	/Users/kimmireu/Desktop/Storage/public-procurement-management/교재/2과목_공공조달 계획분석/Chapter 1/page_0037.jpg
Chapter 1/page_0038.txt	/Users/kimmireu/Desktop/Storage/public-procurement-management/교재/2과목_공공조달 계획분석/Chapter 1/page_0038.jpg
Chapter 1/page_0039.txt	/Users/kimmireu/Desktop/Storage/public-procurement-management/교재/2과목_공공조달 계획분석/Chapter 1/page_0039.jpg
Chapter 1/page_0040.txt	/Users/kimmireu/Desktop/Storage/public-procurement-management/교재/2과목_공공조달 계획분석/Chapter 1/page_0040.jpg
Chapter 1/page_0041.txt	/Users/kimmireu/Desktop/Storage/public-procurement-management/교재/2과목_공공조달 계획분석/Chapter 1/page_0041.jpg
Chapter 1/page_0042.txt	/Users/kimmireu/Desktop/Storage/public-procurement-management/교재/2과목_공공조달 계획분석/Chapter 1/page_0042.jpg
Chapter 1/page_0043.txt	/Users/kimmireu/Desktop/Storage/public-procurement-management/교재/2과목_공공조달 계획분석/Chapter 1/page_0043.jpg
Chapter 1/page_0044.txt	/Users/kimmireu/Desktop/Storage/public-procurement-management/교재/2과목_공공조달 계획분석/Chapter 1/page_0044.jpg
Chapter 1/page_0045.txt	/Users/kimmireu/Desktop/Storage/public-procurement-management/교재/2과목_공공조달 계획분석/Chapter 1/page_0045.jpg
Chapter 1/page_0046.txt	/Users/kimmireu/Desktop/Storage/public-procurement-management/교재/2과목_공공조달 계획분석/Chapter 1/page_0046.jpg
Chapter 1/page_0047.txt	/Users/kimmireu/Desktop/Storage/public-procurement-management/교재/2과목_공공조달 계획분석/Chapter 1/page_0047.jpg
Chapter 1/page_0048.txt	/Users/kimmireu/Desktop/Storage/public-procurement-management/교재/2과목_공공조달 계획분석/Chapter 1/page_0048.jpg
Chapter 1/page_0049.txt	/Users/kimmireu/Desktop/Storage/public-procurement-management/교재/2과목_공공조달 계획분석/Chapter 1/page_0049.jpg
Chapter 1/page_0050.txt	/Users/kimmireu/Desktop/Storage/public-procurement-management/교재/2과목_공공조달 계획분석/Chapter 1/page_0050.jpg
Chapter 1/page_0051.txt	/Users/kimmireu/Desktop/Storage/public-procurement-management/교재/2과목_공공조달 계획분석/Chapter 1/page_0051.jpg
Chapter 1/page_0052.txt	/Users/kimmireu/Desktop/Storage/public-procurement-management/교재/2과목_공공조달 계획분석/Chapter 1/page_0052.jpg
Chapter 1/page_0053.txt	/Users/kimmireu/Desktop/Storage/public-procurement-management/교재/2과목_공공조달 계획분석/Chapter 1/page_0053.jpg
Chapter 1/page_0054.txt	/Users/kimmireu/Desktop/Storage/public-procurement-management/교재/2과목_공공조달 계획분석/Chapter 1/page_0054.jpg
Chapter 1/page_0055.txt	/Users/kimmireu/Desktop/Storage/public-procurement-management/교재/2과목_공공조달 계획분석/Chapter 1/page_0055.jpg
Chapter 1/page_0056.txt	/Users/kimmireu/Desktop/Storage/public-procurement-management/교재/2과목_공공조달 계획분석/Chapter 1/page_0056.jpg
Chapter 1/page_0057.txt	/Users/kimmireu/Desktop/Storage/public-procurement-management/교재/2과목_공공조달 계획분석/Chapter 1/page_0057.jpg
Chapter 1/page_0058.txt	/Users/kimmireu/Desktop/Storage/public-procurement-management/교재/2과목_공공조달 계획분석/Chapter 1/page_0058.jpg
Chapter 1/page_0059.txt	/Users/kimmireu/Desktop/Storage/public-procurement-management/교재/2과목_공공조달 계획분석/Chapter 1/page_0059.jpg
Chapter 1/page_0060.txt	/Users/kimmireu/Desktop/Storage/public-procurement-management/교재/2과목_공공조달 계획분석/Chapter 1/page_0060.jpg
Chapter 1/page_0061.txt	/Users/kimmireu/Desktop/Storage/public-procurement-management/교재/2과목_공공조달 계획분석/Chapter 1/page_0061.jpg
Chapter 2/page_0001.txt	/Users/kimmireu/Desktop/Storage/public-procurement-management/교재/2과목_공공조달 계획분석/Chapter 2/page_0001.jpg
Chapter 2/page_0002.txt	/Users/kimmireu/Desktop/Storage/public-procurement-management/교재/2과목_공공조달 계획분석/Chapter 2/page_0002.jpg
Chapter 2/page_0003.txt	/Users/kimmireu/Desktop/Storage/public-procurement-management/교재/2과목_공공조달 계획분석/Chapter 2/page_0003.jpg
Chapter 2/page_0004.txt	/Users/kimmireu/Desktop/Storage/public-procurement-management/교재/2과목_공공조달 계획분석/Chapter 2/page_0004.jpg
Chapter 2/page_0005.txt	/Users/kimmireu/Desktop/Storage/public-procurement-management/교재/2과목_공공조달 계획분석/Chapter 2/page_0005.jpg
Chapter 2/page_0006.txt	/Users/kimmireu/Desktop/Storage/public-procurement-management/교재/2과목_공공조달 계획분석/Chapter 2/page_0006.jpg
Chapter 2/page_0007.txt	/Users/kimmireu/Desktop/Storage/public-procurement-management/교재/2과목_공공조달 계획분석/Chapter 2/page_0007.jpg
Chapter 2/page_0008.txt	/Users/kimmireu/Desktop/Storage/public-procurement-management/교재/2과목_공공조달 계획분석/Chapter 2/page_0008.jpg
Chapter 2/page_0009.txt	/Users/kimmireu/Desktop/Storage/public-procurement-management/교재/2과목_공공조달 계획분석/Chapter 2/page_0009.jpg
Chapter 2/page_0010.txt	/Users/kimmireu/Desktop/Storage/public-procurement-management/교재/2과목_공공조달 계획분석/Chapter 2/page_0010.jpg
Chapter 2/page_0011.txt	/Users/kimmireu/Desktop/Storage/public-procurement-management/교재/2과목_공공조달 계획분석/Chapter 2/page_0011.jpg
Chapter 2/page_0012.txt	/Users/kimmireu/Desktop/Storage/public-procurement-management/교재/2과목_공공조달 계획분석/Chapter 2/page_0012.jpg
Chapter 2/page_0013.txt	/Users/kimmireu/Desktop/Storage/public-procurement-management/교재/2과목_공공조달 계획분석/Chapter 2/page_0013.jpg
Chapter 2/page_0014.txt	/Users/kimmireu/Desktop/Storage/public-procurement-management/교재/2과목_공공조달 계획분석/Chapter 2/page_0014.jpg
Chapter 2/page_0015.txt	/Users/kimmireu/Desktop/Storage/public-procurement-management/교재/2과목_공공조달 계획분석/Chapter 2/page_0015.jpg
Chapter 2/page_0016.txt	/Users/kimmireu/Desktop/Storage/public-procurement-management/교재/2과목_공공조달 계획분석/Chapter 2/page_0016.jpg
Chapter 2/page_0017.txt	/Users/kimmireu/Desktop/Storage/public-procurement-management/교재/2과목_공공조달 계획분석/Chapter 2/page_0017.jpg
Chapter 2/page_0018.txt	/Users/kimmireu/Desktop/Storage/public-procurement-management/교재/2과목_공공조달 계획분석/Chapter 2/page_0018.jpg
Chapter 2/page_0019.txt	/Users/kimmireu/Desktop/Storage/public-procurement-management/교재/2과목_공공조달 계획분석/Chapter 2/page_0019.jpg
Chapter 2/page_0020.txt	/Users/kimmireu/Desktop/Storage/public-procurement-management/교재/2과목_공공조달 계획분석/Chapter 2/page_0020.jpg
Chapter 2/page_0021.txt	/Users/kimmireu/Desktop/Storage/public-procurement-management/교재/2과목_공공조달 계획분석/Chapter 2/page_0021.jpg
Chapter 2/page_0022.txt	/Users/kimmireu/Desktop/Storage/public-procurement-management/교재/2과목_공공조달 계획분석/Chapter 2/page_0022.jpg
Chapter 2/page_0023.txt	/Users/kimmireu/Desktop/Storage/public-procurement-management/교재/2과목_공공조달 계획분석/Chapter 2/page_0023.jpg
Chapter 2/page_0024.txt	/Users/kimmireu/Desktop/Storage/public-procurement-management/교재/2과목_공공조달 계획분석/Chapter 2/page_0024.jpg
Chapter 2/page_0025.txt	/Users/kimmireu/Desktop/Storage/public-procurement-management/교재/2과목_공공조달 계획분석/Chapter 2/page_0025.jpg
Chapter 2/page_0026.txt	/Users/kimmireu/Desktop/Storage/public-procurement-management/교재/2과목_공공조달 계획분석/Chapter 2/page_0026.jpg
Chapter 2/page_0027.txt	/Users/kimmireu/Desktop/Storage/public-procurement-management/교재/2과목_공공조달 계획분석/Chapter 2/page_0027.jpg
Chapter 2/page_0028.txt	/Users/kimmireu/Desktop/Storage/public-procurement-management/교재/2과목_공공조달 계획분석/Chapter 2/page_0028.jpg
Chapter 2/page_0029.txt	/Users/kimmireu/Desktop/Storage/public-procurement-management/교재/2과목_공공조달 계획분석/Chapter 2/page_0029.jpg
Chapter 2/page_0030.txt	/Users/kimmireu/Desktop/Storage/public-procurement-management/교재/2과목_공공조달 계획분석/Chapter 2/page_0030.jpg
Chapter 2/page_0031.txt	/Users/kimmireu/Desktop/Storage/public-procurement-management/교재/2과목_공공조달 계획분석/Chapter 2/page_0031.jpg
Chapter 2/page_0032.txt	/Users/kimmireu/Desktop/Storage/public-procurement-management/교재/2과목_공공조달 계획분석/Chapter 2/page_0032.jpg
Chapter 2/page_0033.txt	/Users/kimmireu/Desktop/Storage/public-procurement-management/교재/2과목_공공조달 계획분석/Chapter 2/page_0033.jpg
Chapter 2/page_0034.txt	/Users/kimmireu/Desktop/Storage/public-procurement-management/교재/2과목_공공조달 계획분석/Chapter 2/page_0034.jpg
Chapter 2/page_0035.txt	/Users/kimmireu/Desktop/Storage/public-procurement-management/교재/2과목_공공조달 계획분석/Chapter 2/page_0035.jpg
Chapter 2/page_0036.txt	/Users/kimmireu/Desktop/Storage/public-procurement-management/교재/2과목_공공조달 계획분석/Chapter 2/page_0036.jpg
Chapter 2/page_0037.txt	/Users/kimmireu/Desktop/Storage/public-procurement-management/교재/2과목_공공조달 계획분석/Chapter 2/page_0037.jpg
Chapter 2/page_0038.txt	/Users/kimmireu/Desktop/Storage/public-procurement-management/교재/2과목_공공조달 계획분석/Chapter 2/page_0038.jpg
Chapter 2/page_0039.txt	/Users/kimmireu/Desktop/Storage/public-procurement-management/교재/2과목_공공조달 계획분석/Chapter 2/page_0039.jpg
Chapter 2/page_0040.txt	/Users/kimmireu/Desktop/Storage/public-procurement-management/교재/2과목_공공조달 계획분석/Chapter 2/page_0040.jpg
Chapter 2/page_0041.txt	/Users/kimmireu/Desktop/Storage/public-procurement-management/교재/2과목_공공조달 계획분석/Chapter 2/page_0041.jpg
Chapter 2/page_0042.txt	/Users/kimmireu/Desktop/Storage/public-procurement-management/교재/2과목_공공조달 계획분석/Chapter 2/page_0042.jpg
Chapter 2/page_0043.txt	/Users/kimmireu/Desktop/Storage/public-procurement-management/교재/2과목_공공조달 계획분석/Chapter 2/page_0043.jpg
Chapter 2/page_0044.txt	/Users/kimmireu/Desktop/Storage/public-procurement-management/교재/2과목_공공조달 계획분석/Chapter 2/page_0044.jpg
Chapter 2/page_0045.txt	/Users/kimmireu/Desktop/Storage/public-procurement-management/교재/2과목_공공조달 계획분석/Chapter 2/page_0045.jpg
Chapter 2/page_0046.txt	/Users/kimmireu/Desktop/Storage/public-procurement-management/교재/2과목_공공조달 계획분석/Chapter 2/page_0046.jpg
Chapter 2/page_0047.txt	/Users/kimmireu/Desktop/Storage/public-procurement-management/교재/2과목_공공조달 계획분석/Chapter 2/page_0047.jpg
Chapter 2/page_0048.txt	/Users/kimmireu/Desktop/Storage/public-procurement-management/교재/2과목_공공조달 계획분석/Chapter 2/page_0048.jpg
Chapter 2/page_0049.txt	/Users/kimmireu/Desktop/Storage/public-procurement-management/교재/2과목_공공조달 계획분석/Chapter 2/page_0049.jpg
Chapter 2/page_0050.txt	/Users/kimmireu/Desktop/Storage/public-procurement-management/교재/2과목_공공조달 계획분석/Chapter 2/page_0050.jpg
Chapter 2/page_0051.txt	/Users/kimmireu/Desktop/Storage/public-procurement-management/교재/2과목_공공조달 계획분석/Chapter 2/page_0051.jpg
Chapter 3/page_0001.txt	/Users/kimmireu/Desktop/Storage/public-procurement-management/교재/2과목_공공조달 계획분석/Chapter 3/page_0001.jpg
Chapter 3/page_0002.txt	/Users/kimmireu/Desktop/Storage/public-procurement-management/교재/2과목_공공조달 계획분석/Chapter 3/page_0002.jpg
Chapter 3/page_0003.txt	/Users/kimmireu/Desktop/Storage/public-procurement-management/교재/2과목_공공조달 계획분석/Chapter 3/page_0003.jpg
Chapter 3/page_0004.txt	/Users/kimmireu/Desktop/Storage/public-procurement-management/교재/2과목_공공조달 계획분석/Chapter 3/page_0004.jpg
Chapter 3/page_0005.txt	/Users/kimmireu/Desktop/Storage/public-procurement-management/교재/2과목_공공조달 계획분석/Chapter 3/page_0005.jpg
Chapter 3/page_0006.txt	/Users/kimmireu/Desktop/Storage/public-procurement-management/교재/2과목_공공조달 계획분석/Chapter 3/page_0006.jpg
Chapter 3/page_0007.txt	/Users/kimmireu/Desktop/Storage/public-procurement-management/교재/2과목_공공조달 계획분석/Chapter 3/page_0007.jpg
Chapter 3/page_0008.txt	/Users/kimmireu/Desktop/Storage/public-procurement-management/교재/2과목_공공조달 계획분석/Chapter 3/page_0008.jpg
Chapter 3/page_0009.txt	/Users/kimmireu/Desktop/Storage/public-procurement-management/교재/2과목_공공조달 계획분석/Chapter 3/page_0009.jpg
Chapter 3/page_0010.txt	/Users/kimmireu/Desktop/Storage/public-procurement-management/교재/2과목_공공조달 계획분석/Chapter 3/page_0010.jpg
Chapter 3/page_0011.txt	/Users/kimmireu/Desktop/Storage/public-procurement-management/교재/2과목_공공조달 계획분석/Chapter 3/page_0011.jpg
Chapter 3/page_0012.txt	/Users/kimmireu/Desktop/Storage/public-procurement-management/교재/2과목_공공조달 계획분석/Chapter 3/page_0012.jpg
Chapter 3/page_0013.txt	/Users/kimmireu/Desktop/Storage/public-procurement-management/교재/2과목_공공조달 계획분석/Chapter 3/page_0013.jpg
Chapter 3/page_0014.txt	/Users/kimmireu/Desktop/Storage/public-procurement-management/교재/2과목_공공조달 계획분석/Chapter 3/page_0014.jpg
Chapter 3/page_0015.txt	/Users/kimmireu/Desktop/Storage/public-procurement-management/교재/2과목_공공조달 계획분석/Chapter 3/page_0015.jpg
Chapter 3/page_0016.txt	/Users/kimmireu/Desktop/Storage/public-procurement-management/교재/2과목_공공조달 계획분석/Chapter 3/page_0016.jpg
Chapter 3/page_0017.txt	/Users/kimmireu/Desktop/Storage/public-procurement-management/교재/2과목_공공조달 계획분석/Chapter 3/page_0017.jpg
Chapter 3/page_0018.txt	/Users/kimmireu/Desktop/Storage/public-procurement-management/교재/2과목_공공조달 계획분석/Chapter 3/page_0018.jpg
Chapter 3/page_0019.txt	/Users/kimmireu/Desktop/Storage/public-procurement-management/교재/2과목_공공조달 계획분석/Chapter 3/page_0019.jpg
Chapter 3/page_0020.txt	/Users/kimmireu/Desktop/Storage/public-procurement-management/교재/2과목_공공조달 계획분석/Chapter 3/page_0020.jpg
Chapter 3/page_0021.txt	/Users/kimmireu/Desktop/Storage/public-procurement-management/교재/2과목_공공조달 계획분석/Chapter 3/page_0021.jpg
Chapter 3/page_0022.txt	/Users/kimmireu/Desktop/Storage/public-procurement-management/교재/2과목_공공조달 계획분석/Chapter 3/page_0022.jpg
Chapter 3/page_0023.txt	/Users/kimmireu/Desktop/Storage/public-procurement-management/교재/2과목_공공조달 계획분석/Chapter 3/page_0023.jpg
Chapter 3/page_0024.txt	/Users/kimmireu/Desktop/Storage/public-procurement-management/교재/2과목_공공조달 계획분석/Chapter 3/page_0024.jpg
Chapter 3/page_0025.txt	/Users/kimmireu/Desktop/Storage/public-procurement-management/교재/2과목_공공조달 계획분석/Chapter 3/page_0025.jpg
Chapter 3/page_0026.txt	/Users/kimmireu/Desktop/Storage/public-procurement-management/교재/2과목_공공조달 계획분석/Chapter 3/page_0026.jpg
Chapter 3/page_0027.txt	/Users/kimmireu/Desktop/Storage/public-procurement-management/교재/2과목_공공조달 계획분석/Chapter 3/page_0027.jpg
Chapter 3/page_0028.txt	/Users/kimmireu/Desktop/Storage/public-procurement-management/교재/2과목_공공조달 계획분석/Chapter 3/page_0028.jpg
Chapter 3/page_0029.txt	/Users/kimmireu/Desktop/Storage/public-procurement-management/교재/2과목_공공조달 계획분석/Chapter 3/page_0029.jpg
Chapter 3/page_0030.txt	/Users/kimmireu/Desktop/Storage/public-procurement-management/교재/2과목_공공조달 계획분석/Chapter 3/page_0030.jpg
Chapter 3/page_0031.txt	/Users/kimmireu/Desktop/Storage/public-procurement-management/교재/2과목_공공조달 계획분석/Chapter 3/page_0031.jpg
Chapter 3/page_0032.txt	/Users/kimmireu/Desktop/Storage/public-procurement-management/교재/2과목_공공조달 계획분석/Chapter 3/page_0032.jpg
Chapter 3/page_0033.txt	/Users/kimmireu/Desktop/Storage/public-procurement-management/교재/2과목_공공조달 계획분석/Chapter 3/page_0033.jpg
Chapter 3/page_0034.txt	/Users/kimmireu/Desktop/Storage/public-procurement-management/교재/2과목_공공조달 계획분석/Chapter 3/page_0034.jpg
Chapter 3/page_0035.txt	/Users/kimmireu/Desktop/Storage/public-procurement-management/교재/2과목_공공조달 계획분석/Chapter 3/page_0035.jpg
Chapter 3/page_0036.txt	/Users/kimmireu/Desktop/Storage/public-procurement-management/교재/2과목_공공조달 계획분석/Chapter 3/page_0036.jpg
Chapter 3/page_0037.txt	/Users/kimmireu/Desktop/Storage/public-procurement-management/교재/2과목_공공조달 계획분석/Chapter 3/page_0037.jpg
Chapter 3/page_0038.txt	/Users/kimmireu/Desktop/Storage/public-procurement-management/교재/2과목_공공조달 계획분석/Chapter 3/page_0038.jpg
Chapter 3/page_0039.txt	/Users/kimmireu/Desktop/Storage/public-procurement-management/교재/2과목_공공조달 계획분석/Chapter 3/page_0039.jpg
Chapter 3/page_0040.txt	/Users/kimmireu/Desktop/Storage/public-procurement-management/교재/2과목_공공조달 계획분석/Chapter 3/page_0040.jpg
Chapter 4/page_0001.txt	/Users/kimmireu/Desktop/Storage/public-procurement-management/교재/2과목_공공조달 계획분석/Chapter 4/page_0001.jpg
Chapter 4/page_0002.txt	/Users/kimmireu/Desktop/Storage/public-procurement-management/교재/2과목_공공조달 계획분석/Chapter 4/page_0002.jpg
Chapter 4/page_0003.txt	/Users/kimmireu/Desktop/Storage/public-procurement-management/교재/2과목_공공조달 계획분석/Chapter 4/page_0003.jpg
Chapter 4/page_0004.txt	/Users/kimmireu/Desktop/Storage/public-procurement-management/교재/2과목_공공조달 계획분석/Chapter 4/page_0004.jpg
Chapter 4/page_0005.txt	/Users/kimmireu/Desktop/Storage/public-procurement-management/교재/2과목_공공조달 계획분석/Chapter 4/page_0005.jpg
Chapter 4/page_0006.txt	/Users/kimmireu/Desktop/Storage/public-procurement-management/교재/2과목_공공조달 계획분석/Chapter 4/page_0006.jpg
Chapter 4/page_0007.txt	/Users/kimmireu/Desktop/Storage/public-procurement-management/교재/2과목_공공조달 계획분석/Chapter 4/page_0007.jpg
Chapter 4/page_0008.txt	/Users/kimmireu/Desktop/Storage/public-procurement-management/교재/2과목_공공조달 계획분석/Chapter 4/page_0008.jpg
Chapter 4/page_0009.txt	/Users/kimmireu/Desktop/Storage/public-procurement-management/교재/2과목_공공조달 계획분석/Chapter 4/page_0009.jpg
Chapter 4/page_0010.txt	/Users/kimmireu/Desktop/Storage/public-procurement-management/교재/2과목_공공조달 계획분석/Chapter 4/page_0010.jpg
Chapter 4/page_0011.txt	/Users/kimmireu/Desktop/Storage/public-procurement-management/교재/2과목_공공조달 계획분석/Chapter 4/page_0011.jpg
Chapter 4/page_0012.txt	/Users/kimmireu/Desktop/Storage/public-procurement-management/교재/2과목_공공조달 계획분석/Chapter 4/page_0012.jpg
Chapter 4/page_0013.txt	/Users/kimmireu/Desktop/Storage/public-procurement-management/교재/2과목_공공조달 계획분석/Chapter 4/page_0013.jpg
Chapter 4/page_0014.txt	/Users/kimmireu/Desktop/Storage/public-procurement-management/교재/2과목_공공조달 계획분석/Chapter 4/page_0014.jpg
Chapter 4/page_0015.txt	/Users/kimmireu/Desktop/Storage/public-procurement-management/교재/2과목_공공조달 계획분석/Chapter 4/page_0015.jpg
Chapter 4/page_0016.txt	/Users/kimmireu/Desktop/Storage/public-procurement-management/교재/2과목_공공조달 계획분석/Chapter 4/page_0016.jpg
Chapter 4/page_0017.txt	/Users/kimmireu/Desktop/Storage/public-procurement-management/교재/2과목_공공조달 계획분석/Chapter 4/page_0017.jpg
Chapter 4/page_0018.txt	/Users/kimmireu/Desktop/Storage/public-procurement-management/교재/2과목_공공조달 계획분석/Chapter 4/page_0018.jpg
Chapter 4/page_0019.txt	/Users/kimmireu/Desktop/Storage/public-procurement-management/교재/2과목_공공조달 계획분석/Chapter 4/page_0019.jpg
Chapter 4/page_0020.txt	/Users/kimmireu/Desktop/Storage/public-procurement-management/교재/2과목_공공조달 계획분석/Chapter 4/page_0020.jpg
Chapter 4/page_0021.txt	/Users/kimmireu/Desktop/Storage/public-procurement-management/교재/2과목_공공조달 계획분석/Chapter 4/page_0021.jpg
Chapter 4/page_0022.txt	/Users/kimmireu/Desktop/Storage/public-procurement-management/교재/2과목_공공조달 계획분석/Chapter 4/page_0022.jpg
Chapter 4/page_0023.txt	/Users/kimmireu/Desktop/Storage/public-procurement-management/교재/2과목_공공조달 계획분석/Chapter 4/page_0023.jpg
Chapter 4/page_0024.txt	/Users/kimmireu/Desktop/Storage/public-procurement-management/교재/2과목_공공조달 계획분석/Chapter 4/page_0024.jpg
Chapter 4/page_0025.txt	/Users/kimmireu/Desktop/Storage/public-procurement-management/교재/2과목_공공조달 계획분석/Chapter 4/page_0025.jpg
Chapter 4/page_0026.txt	/Users/kimmireu/Desktop/Storage/public-procurement-management/교재/2과목_공공조달 계획분석/Chapter 4/page_0026.jpg
Chapter 4/page_0027.txt	/Users/kimmireu/Desktop/Storage/public-procurement-management/교재/2과목_공공조달 계획분석/Chapter 4/page_0027.jpg
Chapter 4/page_0028.txt	/Users/kimmireu/Desktop/Storage/public-procurement-management/교재/2과목_공공조달 계획분석/Chapter 4/page_0028.jpg
Chapter 4/page_0029.txt	/Users/kimmireu/Desktop/Storage/public-procurement-management/교재/2과목_공공조달 계획분석/Chapter 4/page_0029.jpg
Chapter 4/page_0030.txt	/Users/kimmireu/Desktop/Storage/public-procurement-management/교재/2과목_공공조달 계획분석/Chapter 4/page_0030.jpg
Chapter 4/page_0031.txt	/Users/kimmireu/Desktop/Storage/public-procurement-management/교재/2과목_공공조달 계획분석/Chapter 4/page_0031.jpg
Chapter 4/page_0032.txt	/Users/kimmireu/Desktop/Storage/public-procurement-management/교재/2과목_공공조달 계획분석/Chapter 4/page_0032.jpg
Chapter 4/page_0033.txt	/Users/kimmireu/Desktop/Storage/public-procurement-management/교재/2과목_공공조달 계획분석/Chapter 4/page_0033.jpg
Chapter 4/page_0034.txt	/Users/kimmireu/Desktop/Storage/public-procurement-management/교재/2과목_공공조달 계획분석/Chapter 4/page_0034.jpg
Chapter 4/page_0035.txt	/Users/kimmireu/Desktop/Storage/public-procurement-management/교재/2과목_공공조달 계획분석/Chapter 4/page_0035.jpg
Chapter 4/page_0036.txt	/Users/kimmireu/Desktop/Storage/public-procurement-management/교재/2과목_공공조달 계획분석/Chapter 4/page_0036.jpg
Chapter 4/page_0037.txt	/Users/kimmireu/Desktop/Storage/public-procurement-management/교재/2과목_공공조달 계획분석/Chapter 4/page_0037.jpg
Chapter 4/page_0038.txt	/Users/kimmireu/Desktop/Storage/public-procurement-management/교재/2과목_공공조달 계획분석/Chapter 4/page_0038.jpg
Chapter 4/page_0039.txt	/Users/kimmireu/Desktop/Storage/public-procurement-management/교재/2과목_공공조달 계획분석/Chapter 4/page_0039.jpg
Chapter 4/page_0040.txt	/Users/kimmireu/Desktop/Storage/public-procurement-management/교재/2과목_공공조달 계획분석/Chapter 4/page_0040.jpg
Chapter 4/page_0041.txt	/Users/kimmireu/Desktop/Storage/public-procurement-management/교재/2과목_공공조달 계획분석/Chapter 4/page_0041.jpg
Chapter 4/page_0042.txt	/Users/kimmireu/Desktop/Storage/public-procurement-management/교재/2과목_공공조달 계획분석/Chapter 4/page_0042.jpg
Chapter 4/page_0043.txt	/Users/kimmireu/Desktop/Storage/public-procurement-management/교재/2과목_공공조달 계획분석/Chapter 4/page_0043.jpg
Chapter 4/page_0044.txt	/Users/kimmireu/Desktop/Storage/public-procurement-management/교재/2과목_공공조달 계획분석/Chapter 4/page_0044.jpg
Chapter 4/page_0045.txt	/Users/kimmireu/Desktop/Storage/public-procurement-management/교재/2과목_공공조달 계획분석/Chapter 4/page_0045.jpg
Chapter 4/page_0046.txt	/Users/kimmireu/Desktop/Storage/public-procurement-management/교재/2과목_공공조달 계획분석/Chapter 4/page_0046.jpg
Chapter 4/page_0047.txt	/Users/kimmireu/Desktop/Storage/public-procurement-management/교재/2과목_공공조달 계획분석/Chapter 4/page_0047.jpg
Chapter 4/page_0048.txt	/Users/kimmireu/Desktop/Storage/public-procurement-management/교재/2과목_공공조달 계획분석/Chapter 4/page_0048.jpg
Chapter 4/page_0049.txt	/Users/kimmireu/Desktop/Storage/public-procurement-management/교재/2과목_공공조달 계획분석/Chapter 4/page_0049.jpg
Chapter 4/page_0050.txt	/Users/kimmireu/Desktop/Storage/public-procurement-management/교재/2과목_공공조달 계획분석/Chapter 4/page_0050.jpg
Chapter 4/page_0051.txt	/Users/kimmireu/Desktop/Storage/public-procurement-management/교재/2과목_공공조달 계획분석/Chapter 4/page_0051.jpg
Chapter 4/page_0052.txt	/Users/kimmireu/Desktop/Storage/public-procurement-management/교재/2과목_공공조달 계획분석/Chapter 4/page_0052.jpg
Chapter 4/page_0053.txt	/Users/kimmireu/Desktop/Storage/public-procurement-management/교재/2과목_공공조달 계획분석/Chapter 4/page_0053.jpg
Chapter 4/page_0054.txt	/Users/kimmireu/Desktop/Storage/public-procurement-management/교재/2과목_공공조달 계획분석/Chapter 4/page_0054.jpg
Chapter 4/page_0055.txt	/Users/kimmireu/Desktop/Storage/public-procurement-management/교재/2과목_공공조달 계획분석/Chapter 4/page_0055.jpg
Chapter 4/page_0056.txt	/Users/kimmireu/Desktop/Storage/public-procurement-management/교재/2과목_공공조달 계획분석/Chapter 4/page_0056.jpg
Chapter 4/page_0057.txt	/Users/kimmireu/Desktop/Storage/public-procurement-management/교재/2과목_공공조달 계획분석/Chapter 4/page_0057.jpg
Chapter 4/page_0058.txt	/Users/kimmireu/Desktop/Storage/public-procurement-management/교재/2과목_공공조달 계획분석/Chapter 4/page_0058.jpg
Chapter 4/page_0059.txt	/Users/kimmireu/Desktop/Storage/public-procurement-management/교재/2과목_공공조달 계획분석/Chapter 4/page_0059.jpg
Chapter 4/page_0060.txt	/Users/kimmireu/Desktop/Storage/public-procurement-management/교재/2과목_공공조달 계획분석/Chapter 4/page_0060.jpg